简体,繁体,拼音,词语示例,解释,其他对应字
啊,啊,aa1,啊！好美啊，啊！下雪了，啊！失火了，啊！太精彩了,（歎詞）表示贊歎、驚異、吃驚等語氣,
啞,哑,aa1,咿啞，啞啞學語,（語氣助詞）呀；（象聲詞）形容烏鴉叫聲、小兒學說話等聲音,
啞,哑,aa2,啞巴，啞鈴，啞子，啞劇，啞謎，聾啞，沙啞，嘶啞，啞巴虧，啞口無言，啞然無聲，裝聾作啞,不能說話，說不出話來,
啊,啊,aa2,啊？你說什麼，啊？你再說，啊？這怎麼回事，啊？有這種事啊,（歎詞）表示疑問、疑惑、反問、追問、驚異、驚疑等語氣,
阿,阿,aa3,阿姨，阿飛,,
啊,啊,aa3,啊！好吧，啊！原來是你，不錯啊，多美啊，快來啊，很好啊，小心啊,（歎詞）表示應諾、醒悟、明白等語氣；（助詞）表示贊歎、驚歎、疑問、肯定、辯解、催促，停頓、列舉等語氣,
挨,挨,aai1,挨戶，挨家，挨近,依次，順次，靠近,
罌,罂,aang1,,大腹小口的瓶子,
軋,轧,aat8/jaat8,軋平，傾軋，軋花機，軋棉花,碾壓，滾壓,
唉,唉,ai1,唉聲歎氣,（歎詞）表示失望或無可奈何,
唉,唉,ai3,,（歎詞）表示傷感或惋惜,
屭,屃,ai3,,,屓
啞,哑,ak7,啞啞，啞然失笑，笑之啞啞,（象聲詞）形容笑聲,
罌,罂,ang1,罌粟,一種花,
區,区,au1,,（姓）,
漚,沤,au1,浮漚,水泡,
漚,沤,au3,漚肥，漚田，漚麻,在水中長時間地浸泡以使起變化,
凹,凹,au3/nap7,凹透鏡，凹凸不平,窪下，跟“凸”相反,
吧,吧,ba1,吧枱，吧嗒，吧唧，酒吧，沙拉吧，吧的一聲,（音譯詞）小酒館；（象聲詞）爆裂聲,
吧,吧,ba6,好吧，去吧，說吧，不會吧，算了吧,（語氣助詞）表示可以，允許，推測，估量，命令等,
唄,呗,baai6,唄唱，梵唄,（佛）唱讚，歌讚，念誦經文，唱頌短偈,
坂,坂,baan2,,,阪
扮,扮,baan6,打扮，裝扮,打扮，裝扮,
扮,扮,baan6/baan3,扮演，扮鬼臉，女扮男裝，扮老頭兒,化裝成，面部表情裝成,
鮑,鲍,baau1,鮑魚,指活鮑魚,
鮑,鲍,baau6,鮑魚,姓；也指乾鮑魚,
賁,贲,ban1,賁張，賁門，虎賁,膈膜，橫隔膜,
繃,绷,bang1,繃緊，繃帶，繃子，繃硬，繃亮，繃脆，繃直，緊繃，繃床，緊繃繃，繃場面，繃了一道縫兒,張緊，拉緊，包紮；裂開；（用於形容詞前表示程度深）非常，很,綳
唄,呗,be6,去就去唄,（語氣助詞）表示讓步、勉強、顯而易見等,
裨,裨,bei1,裨益，無裨於事，大有裨益,補助,
吡,吡,bei2,吡啶，吡咯,（音譯用字）一種有機化合物,
秘,秘,bei3,,,祕
賁,贲,bei3,賁臨，賁然,裝飾美好，華麗，光潔,
被,被,bei6,被動，被害，被迫,,
餅,饼,beng2,,（語音）,
扁,扁,bin2,扁平，踩扁,,
便,便,bin6,便利，方便,,
并,并,bing1/bing3,并州,（地名）山西省太原市的別稱,
屏,屏,bing2,屏氣，屏息，屏除，屏棄，屏住呼吸,壓制，抑止，停止，排除,
餅,饼,bing2,餅乾，餡餅,,
驃,骠,biu1,黃驃馬,一種黃毛夾有白色斑點的馬,
般,般,bo1,般若,（梵文音譯詞）,
簸,簸,bo3,簸箕,（名詞）,
簸,簸,bo3/bo2,顛簸,（動詞）,
泊,泊,bok9,湖泊，水泊，血泊，梁山泊，羅布泊,湖,
泊,泊,bok9/paak8,停泊，漂泊，泊位，淡泊,停船靠岸,
膀,膀,bong2,肩膀，臂膀，翅膀,,
磅,磅,bong6,磅秤，過磅，磅體重，磅一磅,稱重量的儀器；用磅秤稱重量；（量詞）英美製重量單位,
杯,杯,bui1,,,盃
背,背,bui3,背部，背後，背景，背面，背影，背光，背脊，背叛，背棄，背約，背陰，背離，違背，駝背，後背，手背，紙背，背對着，背著臉，背地裡，背著人，背山面海，背井離鄉，背道而馳，背信棄義，背水一戰，腹背受敵，芒刺在背，汗流浹背，人心向背，力透紙背,（名詞）背部,
背,背,bui3,背債，背負，背包，背槍，背黑鍋，背包袱，背小孩，背責任，背起來，背得起，背負重任,（動詞）用脊背馱東西,揹
背,背,bui6,背書，背誦，背熟，背靜，很背，背運，背時，耳背，背聽，背台詞，手氣背，背街小巷,（動詞）默念，記憶，憑記憶讀出來；（形容詞）偏僻，聽力不好,
般,般,bun1,一般，那般，百般，萬般無奈，如此這般,種，樣，種類,
缽,钵,but8,,,鉢，砵
差,差,cha1,差別，差異，差錯，差距，差勁，差點，偏差，時差，很差，差不多，差一點,不同，不同點，錯誤，缺，不好，不相合,
杈,杈,cha1,,一種叉形農具，用以堆柴草,
姹,姹,cha3,,,奼
杈,杈,cha3,杈子，樹杈,植物的分枝,
欻,欻,cha3,欻拉，欻的一聲，欻欻的腳步聲，欻一下撕開了,（象聲詞）踩踏聲，急促的聲音，有節奏的聲音,
查,查,cha4,查看，檢查,察看，核對,
查,查,cha4,,（俗：姓）,
差,差,chaai1,差遣，差役，差使，差事，兼差，出差，郵差，當差,派遣去作事,
揣,揣,chaai1,揣手，揣在懷裡，揣在兜裡,藏在衣服裡,
咤,咤,chaak7/ja3,咤怒，叱咤,怒吼,吒
柵,栅,chaak8,柵欄，柵門，鐵柵，籬柵，木柵,圍欄,
參,参,chaam1,參加，參與，參見，參考，參閱，參觀，參軍，參賽,加入,
肏,肏,chaau3,,,操
切,切,chai3,一切,所有的,
薺,荠,chai4,荸薺,一種可供食用的草本植物,
薺,荠,chai5,薺菜，其甘如薺,一種可入藥草本植物,
參,参,cham1/chaam1,參差，參差不齊,大小不一，不整齊的樣子,
沉,沉,cham4,,,沈
親,亲,chan1,親戚，探親,,
親,亲,chan3,親家，親家公，親家母,指兩家兒女相婚配的親戚關係,
曾,曾,chang4,曾經，未曾,,
瞅,瞅,chau2,,,偢
仇,仇,chau4,,（俗，姓）,
車,车,che1,汽車，馬車，公車，火車，紡車，水車，風車,指有輪子的運輸工具,
邪,邪,che4,邪惡，邪門，邪說，邪念，無邪，中邪，風邪，邪魔外道，改邪歸正,不正當,
衰,衰,cheui1,衰序，等衰,次序，等級,
揣,揣,cheui2/chyun2,揣測，揣度，揣摩，掙揣，不揣冒昧,估量，忖度；掙扎,
捶,捶,cheui4,,,搥
錘,锤,cheui4,,,鎚
焯,焯,cheuk8,焯菠菜,在開水中略煮一下,
槍,枪,cheung1,,,鎗
嗆,呛,cheung1,嗆水，嗆著，夠嗆,食物進入氣管而引起咳嗽,
戧,戗,cheung1,戧風，說戧了，說話戧人,逆，不順，方向相對；決裂，言語衝突,
搶,抢,cheung1,搶風，搶眼，呼天搶地,觸，撞，觸碰，碰撞,
搶,抢,cheung2,搶劫，搶奪，搶救，搶先，搶走，爭搶,奪取，硬拿,
戧,戗,cheung3,戧住，戧麵，夠戧，戧不住,支撐，支持，承受；填,
嗆,呛,cheung3,嗆人,刺激性的氣味使人呼吸感到難受,
牆,墙,cheung4,,,墻
長,长,cheung4,長度，專長,（形容詞）,
焌,焌,cheut7/keui1,焌豆芽,把燃燒物放進水裡熄滅；一種烹調方法,
差,差,chi1,差等，參差，參差不齊,長短不齊,
跐,跐,chi1,跐溜,腳下滑動,
跐,跐,chi2,,踏，踐踏，踩,
匙,匙,chi4,湯匙，羹匙，茶匙，藥匙,勺子,
茲,兹,chi4,龜茲,（古）國名,
鶿,鹚,chi4,,,鷀
籤,签,chim1,,,簽
稱,称,ching1,稱呼，聲稱，名稱，簡稱，自稱，俗稱,叫，叫做,
稱,称,ching3,稱一稱,（動詞）量輕重，測定重量,
稱,称,ching3/chang3,稱職，稱心，稱體，對稱，市稱，磅稱，勻稱，稱心如意,適合，相等，相當,
澂,澂,ching4,,,澄
切,切,chit8,切割，切菜，切開，切斷，切入，切磋，切面，切實，切題，切記，切齒，親切，密切，貼切，迫切，急切，懇切，心切，切身，不切實際,用刀把東西切斷；貼近，密合，符合，急迫，務必，一定,
掣,掣,chit8,掣籤，掣劍,抽，拔,
悄,悄,chiu2,悄沒聲，悄然,,
悄,悄,chiu2/chiu1,悄悄，靜悄悄，悄悄地走了,,
朝,朝,chiu4,朝向，朝天，朝陽，王朝，朝廷,向，面對著,
錯,错,cho3,錯誤，犯錯,,
坐,坐,cho5,,（口語）,
塞,塞,choi3,塞外，要塞，邊塞，關塞，塞翁失馬,邊界上的險要地方,
才,才,choi4,,,纔
錯,错,chok8,錯亂，交錯，錯雜，錯綜複雜，犬牙交錯,,
創,创,chong1,創傷，創痕，創口，重創，刀創，重創敵軍,傷口，打擊,
創,创,chong3,創辦，創建，創刊，創舉，首創,初次，開始做,
藏,藏,chong4,躲藏，隱藏，收藏,躲，收好,
床,床,chong4,,,牀
幢,幢,chong4,幢幡，旗幢，人影幢幢,（古）旌旗的一種,
操,操,chou1,操作，體操,拿，掌握，鍛煉，從事,
造,造,chou3,造詣，造就，造訪，造次，深造，登峰造極,成就，培養，到，去，達到，前往,
酢,酢,chou3,酬酢,醋,
操,操,chou3/chou1,操行，操守，貞操，節操,品行，行為，德行，品格,
欻,欻,chuk7,,（動詞）有所吹起,
樅,枞,chung1,樅樹，樅酸,（樹名）冷杉,
冢,冢,chung2,,,塚
從,从,chung4,從前，從來，從沒，從此，從事，從軍，從速，從簡，從寬，從嚴，跟從，服從，順從，從頭來過，力不從心,跟隨，依順，處理；由，自,
重,重,chung4,重新，重複，重來，重疊，重建，重申，重演，重逢，重溫，重圍，重洋，重重，雙重，九重天，重整旗鼓，重蹈覆轍，重見天日，舊地重遊，捲土重來,再，另，又一次,
重,重,chung5,重量，重負，重擔，重金，重賞，重罰，重罪，重傷，重病，重聽，重型，重兵，輕重，深重，體重，淨重，舉重，繁重，超重，載重，比重，很重，重武器，避重就輕，舉足輕重，忍辱負重,分量大，數量多，程度深,
褚,褚,chyu2,,（姓）,
處,处,chyu3,處所，處長，好處，遠處，到處,（名詞）地方,
處,处,chyu5,處理，處罰，處事，懲處，相處,（動詞）,
褚,褚,chyu5,褚衣,絲綿，棉衣,
村,村,chyun1,,,邨
傳,传,chyun4,傳統，傳授，傳奇，傳說，傳承，傳播，傳染，傳話，傳喚，傳神，傳熱，傳情，相傳，據傳，遺傳，宣傳,轉授，遞送，散佈，表達,
打,打,da1,一打雞蛋，一打鉛筆,（量詞）指十二個,
打,打,da2,打鼓，打掃，打更，打碎，打人，打架，打仗，打獵，打開，打賭，打算，敲打，拍打，攻打，毆打，打招呼，打擂台，打噴嚏，打呵欠，打草驚蛇，打抱不平，打退堂鼓，精打細算，一網打盡，趁火打劫，無精打采,拍，敲，捶，敲擊，拍打；也表示某些特定的動作、活動、行動等,
呆,呆,daai1,呆子，書呆子，呆一會兒,發愣，死板，不靈活，不自然,獃
擔,担,daam1,擔米，擔柴，擔水，擔當，擔心，擔負，擔任，擔憂，擔保，擔待，負擔，承擔，分擔，擔風險，擔當重任，擔負責任,用肩膀挑，負責，負起，承當；憂慮，記掛，操心,
石,石,daam3,一石米,市制容量單位,
擔,担,daam3,擔子，扁擔，重擔，貨郎擔，挑重擔，勇挑重擔，生活重擔,挑東西的工具；肩負的責任、工作、任務,
淡,淡,daam6,淡忘，冷淡，平淡，淡月，淡季，淡淡地說,感情不深，不熱心；沒有意味；生意不興旺,
澹,澹,daam6,澹災,消除,
淡,淡,daam6/taam5,淡水，淡綠，淡酒，清淡,鹽份少，不鹹；某成分少，不濃,
單,单,daan1,單薄，單獨，單純，單程，簡單，帳單，床單,一個，獨自，不複雜,
癉,瘅,daan1,癉瘧，癉熱,中醫指瘧疾的一種,
彈,弹,daan2,彈頭，彈丸，彈弓，彈道，彈藥，子彈，導彈，炮彈，炸彈，中彈，原子彈，手榴彈,（口語）彈弓或槍械發射的小丸；炸彈之類的爆炸物,
癉,瘅,daan3,癉惡，卒癉，彰善癉惡,憎恨,
撢,掸,daan5,撢子，撢土，撢衣服，雞毛撢子,拂塵用具，以雞毛或不條作成；用撢子掃去灰塵,撣
撣,掸,daan5,撣撣,儆戒；恭敬,
彈,弹,daan6,彈射，彈性，彈力，彈簧，彈指，彈跳，彈頭，彈丸，彈弓，彈道，彈藥，動彈，反彈，子彈，導彈，炮彈，炸彈，中彈，彈棉花，原子彈，手榴彈,（名詞）彈弓或槍械發射的小丸；炸彈之類的爆炸物；（動詞）物體由緊縮到伸展產生力量,
墩,墩,dan2,門墩，橋墩,厚而粗的木頭、石頭等,
凳,凳,dang3,,,櫈
吐,吐,dat9,吐谷渾,（中國古代少數民族）,
藪,薮,dau3,鶴藪,（地名）,
讀,读,dau6,句讀,（古）文章裡停頓的地方,
豆,豆,dau6/dau2,,,荳
斲,斫,deuk8,斲輪，斲喪,砍，削，雕,
墩,墩,deun1,土墩,量詞，也指土堆,
咄,咄,deut7,咄咄逼人,斥責，呵叱,
翟,翟,dik9,墨翟,（古）長尾野雞的羽毛,
墊,垫,din2,墊子，椅墊，鞋墊，靠墊，草墊,（名詞）襯托的東西,
墊,垫,din3,墊高，墊好，墊平，墊上，墊桌子,（動詞）襯托,
墊,垫,din6,墊錢，墊款,暫時替別人付款,
汀,汀,ding1,,（俗）,
酊,酊,ding1,酊劑，碘酊,一種藥劑,
酊,酊,ding2,酩酊，酩酊大醉,喝醉的樣子,
雕,雕,diu1,,,彫
弔,吊,diu3,弔唁，弔孝，弔喪,祭奠死者,
吊,吊,diu3,懸吊，吊橋，吊銷,懸掛，懸掛的；收回，扣留,
調,调,diu6,調查，調動，調職，調遣，調離，調配，調子，曲調，腔調，低調，強調，聲調，論調，情調，步調，單調,,
跺,跺,do2,,,跥
朵,朵,do2/deu2,,,朶
馱,驮,do6,馱子，一馱糧，一馱貨,（名詞、量詞）用於牲口載的貨,
度,度,dok9,忖度，揣度，量度，測度，猜度，度量衡，度德量力，以己度人,計算，推測，估計,
當,当,dong1,當下，當中，當然，當心，當時，當代，當眾，當兵，當官，當家，當初，當地，當頭，當局，當選，當道，當面，應當，擔當，敢當，正當，相當，當老師，不敢當,擔任，執掌，承擔，面向，阻攔，應該，正在,
當,当,dong3,當成，當日，當真，當鋪，上當，不當，妥當，恰當，適當，失當，勾當，當作，便當，停當，典當,合適，抵得上，認為，作為，圈套，事情發生的同一時間，典押，抵押,
叨,叨,dou1,叨念，叨叨，嘮叨，絮叨，念叨，磨叨，絮絮叨叨,羅嗦，話多,
倒,倒,dou2,倒塌，倒向，倒霉，倒閉，倒換，倒茶，倒水，倒胃口，摔倒，跌倒，顛倒，倒垃圾，排山倒海,豎立的東西落下來；轉換，更換，調轉；使容器裡的東西出來,
倒,倒,dou3,倒是，倒車，倒立，倒數，倒退，倒序，倒過來，倒不如，喝倒彩，倒背如流，本末倒置,相反的，反面的，位置弄反了的；向後；跟意料相反,
度,度,dou6,度過，度假，度量，角度，溫度，長度，高度，進度，限度，制度，態度，風度，氣度，程度，再度，過度，年度，度量衡，度日如年，一年一度,,
讀,读,duk9,讀書，閱讀,（動詞）看書,
斷,断,dyun3,斷定，斷案，斷然，診斷，下斷語，當機立斷,判斷，決定，判定，一定，絕對,
斷,断,dyun6,斷絕，斷電，斷交，斷奶，斷氣，割斷，截斷，繩子斷了,長形的東西折掉或從中間截開，隔絕，不繼續,
欸,欸,ei1,,（語氣助詞）表示招呼,
欸,欸,ei2,,（語氣助詞）表示不以為然,
欸,欸,ei4,,（語氣助詞）表示詫異,
欸,欸,ei6,,（語氣助詞）表示答應或同意,
番,番,faan1,一番，輪番，三番五次,（量詞）種，樣，回，次，遍；更替，替換,
翻,翻,faan1,,,飜，繙
番,番,faan1,番人，番邦，番茄，番薯，番石榴,未開化的；外國的，外族的,蕃
犯,犯,faan2,戰犯，要犯，貪污犯,（名詞）犯罪的人,
泛,泛,faan3,,,氾，汎
蕃,蕃,faan4,蕃茂，蕃昌,草木茂盛,
犯,犯,faan6,犯錯，犯病，犯忌，犯不著,（動詞）,
分,分,fan1,分開，分別，分數，分裂，分明，分離，分出，分散，分隔，分辨，分割，分成，分手，分擔，分支，分局，分會，分校，分貝，分配，分鐘，分隊，分頭，區分，滿分，劃分，零分，分工作，分公司，一百分，百分之一，分清是非，分一杯羹，不分青紅皁白,把整體變成幾個局部的個體；辨別，區別，離別；（量詞）長度、時間、成績、錢等的單位,
勳,勋,fan1,,,勛
分,分,fan6,分量，部分，成分，身分，過分，本分，名分，緣分，情分，糖分，養分,整體中的局部,份
欻,欻,fat7,欻忽，風雨欻至,忽然，突然,
否,否,fau2,否認，否定，否決，否則，是否，可否，與否,不然，反對，不同意,
菲,菲,fei1,菲菲，芳菲,花草茂盛,
蜚,蜚,fei1,蜚聲，流言蜚語,飛；不實，無根據,
菲,菲,fei2,妄自菲薄,微薄,
蜚,蜚,fei2,蜚蠊,蟑螂,
彷,仿,fong2,彷彿,好像，似乎,
仿,仿,fong2,,,倣
仆,仆,fu6,前仆後繼,跌倒；以面伏地,
宓,宓,fuk9,,（姓）,
峰,峰,fung1,,,峯
縫,缝,fung4,縫紉，縫補，縫上，裁縫,（動詞）用針線連結,
縫,缝,fung4/fung6,縫子，縫隙，裂縫，門縫,（名詞）空隙，細長的口子；接合的地方,
伽,伽,ga1,瑜伽，伽利略，伽馬射線,（音譯用字）,
茄,茄,ga1,雪茄,（音譯用字）,
賈,贾,ga2,,（姓）,
架,架,ga2,架子，書架，衣架，骨架,用做支承的東西,
假,假,ga2,假設，虛假，造假,（形容詞）,
假,假,ga3,假期，放假，度假,（名詞）,
架,架,ga3,架橋，打架，吵架，招架，綁架,支承；毆打，爭吵；抵擋；（量詞）指有架的東西,
解,解,gaai2,解釋，解決，解答，解渴，解約，解數，瞭解，不解，瓦解，註解，渾身解數,分開，分裂，說明，打開，消除；手段，本事,
解,解,gaai3,解送，解款，押解，起解,押送,
革,革,gaak8,革命，革新，革除，革履，革職，皮革，改革，變革，洗心革面,去毛加工的獸皮；改變，變更,
監,监,gaam1,監督，監視，監聽，監獄，監牢,,
監,监,gaam3,太監,,
鑑,鉴,gaam3,,,鑒
間,间,gaan1,時間，空間，房間，中間，期間，之間，人間，洗手間，剎那間,時空的段落；兩個事物之中；地方，處所,
鹼,碱,gaan2,,,礆，硷
間,间,gaan3,間接，間斷，間諜，間隔，間隙，間或，相間，反間，挑撥離間，親密無間,空隙；分隔，隔開；挑撥，分化，使人不和,
間,間,gaan3,時間,（俗）,
更,更,gaang1,打更，三更半夜，更深人靜,（口語）一夜的五分之一的時間,
嗑,嗑,gaap8,嗑兒，嗑牙，嘮嗑，閒嗑,（方言）話,
軋,轧,gaat8,軋賬，軋朋友，人軋人,（方言）擠，結交，核對,
鉸,铰,gaau2,鉸孔，鉸開，鉸開，鉸接,（動詞）用剪刀剪或切削,
鉸,铰,gaau3,鉸刀，鉸鏈,（名詞）剪刀；合頁,
覺,觉,gaau3,睡覺，午覺,（名詞）指睡眠,
教,教,gaau3,,,敎
校,校,gaau3,校對，校正，校改，校訂，校官，校勘，校稿，校樣，將校，上校，中校，少校,糾正，訂正，改正；一種軍銜,
雞,鸡,gai1,,,鷄
炔,炔,gai3,,（姓）,
偈,偈,gai6,偈語，偈子，偈頌，佛偈,佛經中的唱詞,
禁,禁,gam1,不禁，禁不起，情不自禁,承受，忍住，忍耐,
禁,禁,gam3,禁止，禁忌，嚴禁,不准，不許,
筋,筋,gan1,,,觔
更,更,gang1,更改，更換，更衣，更動，更新，更正，變更，打更，更迭，更生，更定,改變；經歷；一夜的五分之一的時間,
更,更,gang3,更好，更加，更快，更多，更上一層樓,再，又，越發,
蛤,蛤,gap8,蛤蜊，蛤蚧,,
蓋,盖,gap8,,（姓）,
紇,纥,gat7,紇繨,紗線、織物等打成的結,
佶,佶,gat7,佶倬,健壯,
龜,龟,gau1,龜茲,（古）國名,
枸,枸,gau2,枸杞,,
飢,饥,gei1,,,饑
奇,奇,gei1,奇數，奇偶，有奇,單的，單數的,
覊,羁,gei1,,,羈
几,几,gei1,茶几，窗明几淨,矮小的桌子,
幾,几,gei1,幾乎,非常接近,
期,期,gei1,期年，期月,一週年，一整月,
紀,纪,gei2,紀實，世紀，紀錄片,,
幾,几,gei2,幾何，幾個，幾點,表示二到九之間不確定的數目,
紀,纪,gei3,紀念,（又音）,
驚,惊,geng1,,（語音）,
車,车,geui1,車馬炮，丟卒保車,象棋棋子的一種,
車,车,geui1,車騎，車駕，車笠，車僕，車馬，車服，車徒，車轍，車師，車右，輔車，車同軌，車在馬前，車怠馬煩，車殆馬煩，車水馬龍，車笠之盟，車載斗量，車馬喧闐，車馬殷闐，車騎將軍，前車之鑑，輔車相依，輔車脣齒，輕車熟路，杯水車薪，學富五車，安步當車，老牛破車，螳臂當車，閉門造車,（用於古漢語）,
枸,枸,geui2,枸櫞,一種植物,
強,强,geung6,強嘴，倔強,執拗，固執，不屈服，不聽勸，強硬不屈,犟
革,革,gik7,病革,急，危急,
犍,犍,gin1,犍牛,閹割過的公牛,
勁,劲,ging3,使勁，差勁，費勁，不對勁,力氣，效力，興趣,
逕,径,ging3,,,迳
勁,劲,ging6,勁敵，強勁,堅強有力,
劫,劫,gip8,,,刦，刼，刧
偈,偈,git9,,勇武,
佶,佶,git9/git8,佶屈聱牙,,
蓋,盖,goi3,蓋子，鋪蓋，瓶蓋，膝蓋，鍋蓋，杯蓋,（名詞）,
咯,咯,gok7,咯噔，咯吱，咯咯，咯咯笑,（象聲詞）形容笑聲,
覺,觉,gok8,覺得，感覺,（動詞）指感想、發覺,
硌,硌,gok8/kaak8,硌腳，硌牙,（動詞）碰到堅硬的東西而覺得不舒服,
干,干,gon1,干涉，干擾，干係,,
乾,干,gon1,乾淨，擦乾,,
幹,干,gon3,幹部，樹幹,,
降,降,gong3,降落，降價，下降,,
鎬,镐,gou2,鎬頭，鐵鎬,刨土的工具,
菇,菇,gu1,,,菰
菰,菰,gu1,,茭白,
賈,贾,gu2,賈人，商賈,指商人或買賣,
僱,雇,gu3,,,雇
冠,冠,gun1,冠冕，桂冠,（名詞）指帽子,
觀,观,gun1,觀察，觀摩，觀念，樂觀，參觀，壯觀，奇觀，客觀，靜觀其變，走馬觀花,看，看法，樣子，景象,
莞,莞,gun1,莞草,（姓、植物名）,
莞,莞,gun2,東莞,（地名）,
冠,冠,gun3,冠軍，奪冠，冠以,（動詞）指戴帽子或加上名號，也指競賽中獲得第一名,
觀,观,gun3,道觀，樓觀,道教的寺廟,
供,供,gung1,供給，供應，供水，供電，供詞，提供，口供，招供，自供，逼供，錄供,把東西給需要的人使用；向別人提供某種條件；受審的人交代案情,
紅,红,gung1/hung4,女紅,（舊）指女子所做的紡織、縫紉、刺繡等工作,
供,供,gung3,供奉，供品，供桌，供佛，供職，供事，上供，擺供,把香燭或祭品設在牌位等處以表示敬奉；從事，擔任,
呱,呱,gwa1,呱呱叫,,
呱,呱,gwa2,拉呱兒,（方言）閒談,
瑰,瑰,gwai1,瑰麗,,
瑰,瑰,gwai3,玫瑰,,
炅,炅,gwai3,,（姓）,
筠,筠,gwan1,,（地名）,
綸,纶,gwan1,綸巾,青絲帶,
鋆,鋆,gwan1,,（人名用字）,
龜,龟,gwan1,龜裂,皮膚音寒冷乾燥而開裂,
橘,橘,gwat7,,,桔
炅,炅,gwing2,,日光，光明，明亮，熱,
果,果,gwo2,,,菓
桄,桄,gwong1,桄榔,一種常綠喬木,
桄,桄,gwong3,桄子，線桄兒,指桄子，一種繞線器具,
券,券,gyun3,獎券，贈券,（俗）,
圈,圈,gyun6,豬圈，羊圈，牛圈,養豬羊等牲畜的柵欄,
蛤,蛤,ha4,蛤蟆，癩蛤蟆,,
廈,厦,ha6,,,厦
咳,咳,haai1,,（歎詞）表示驚訝、惋惜、後悔,
解,解,haai6,解縣,（姓、地名）,
檻,槛,haam5,檻車，檻阱，檻羊，闌檻，闌檻，獸檻，牛檻,欄杆；囚車；關禽獸的木籠,
閒,闲,haan4,,,閑
嫺,娴,haan4,,,嫻
行,行,haang4,,走（用於口語）,
嗑,嗑,haap8,嗑破，嗑瓜子,咬有殼等的硬東西,
考,考,haau2,,,攷
校,校,haau6,校長，校園，校址，校舍，學校，母校，夜校,教學的地方,
蹊,蹊,hai4,蹊徑，山蹊,小路，路徑,
可,可,hak7,可汗,,
勘,勘,ham1,勘誤，勘正，校勘,校對，核定,
勘,勘,ham3,勘探，勘驗，勘測，推勘,細查，審查,
哼,哼,hang1,哼唱，哼歌，哼出來,（動詞）低聲歌唱,
吭,吭,hang1,吭聲，吭氣，悶不吭聲，一聲不吭,（動詞）出聲，說話，發出聲音,
行,行,hang4,行走，行軍，行李，行銷，行灶，行商，行營，行禮，行文，行裝，行篋，行頭，進行，通行，發行，風行，另行，即行，舉行，實行，日行千里，見機行事,走,
行,行,hang4/hong4,行輩，排行,兄弟姐妹長幼的次序,
行,行,hang6,言行，品行，罪行，德行，操行，道行，行將，不行，行了，真行,足以表明品質的舉止行動；可以；能幹；快要；僧道修行的功夫,
合,合,hap9,,,閤
嗑,嗑,hap9,噬嗑,六十四卦之一,
紇,纥,hat9,回紇,古代少數民族名稱,
核,核,hat9,核子，核心，核對，核定，核實，核彈，核仁，核戰，核桃，核武，核爆，核算，核能，核計，核辦，核電，核准，考核，評核，審核，地核，果核，查核，稽核，結核，綜核，核潛艇，核試驗，核分裂，核反應，細胞核，肺結核，原子核,對照，審定，考查，審查；物體的中心部分；原子核的簡稱,
吃,吃,hek8,,,喫
滸,浒,heui2,滸灣，滸墅關,（地名）,
衍,衍,hin2,,（俗）,
興,兴,hing1,興建，興奮，興盛，興旺，興隆，興衰，興起，振興，復興，中興，時興，新興,發動，創辦，昌盛，旺盛，流行,
興,兴,hing3,興趣，興致，高興，掃興，雅興，助興，盡興，即興，乘興，敗興，興高采烈,喜愛的情緒,
哼,哼,hng6,,（歎詞）表示不滿，懷疑，輕蔑，威脅，怨恨,
可,可,ho2,可以，寧可,,
荷,荷,ho4,荷花，荷塘，荷包，荷蘭，薄荷，荷爾蒙,蓮花,
荷,荷,ho6,負荷，荷載，荷重，電荷，感荷,扛，背，負擔，承受,
看,看,hon1,看門，看家，看羊，看管，看守，看護，看押，看待,守護，監視，監管，照管，照顧，放牧,
看,看,hon3,看見，看書，看病，看望，看戲，看脈，察看，觀看，好看，看電影，看得起，試試看，看風使舵，刮目相看，另眼相看,瞧，注視，觀察，拜訪，探望,
汗,汗,hon4,可汗,,
汗,汗,hon6,汗水，流汗,,
行,行,hong4,行列，行家，行市，同行，外行，車行，單行，雙行，幾行字,行列，排；職業,
降,降,hong4,降服，投降,向敵人屈服,
吭,吭,hong4,引吭高歌，扼吭拊背,（名詞）喉嚨，咽喉,
行,行,hong6,行行，樹行子,剛強的樣子；排成行列的樹木,
好,好,hou2,好處，好聽，好漢，良好,（形容詞）有利的，使人滿意的,
好,好,hou3,好客，好奇，嗜好，癖好,（動詞）喜愛，喜歡,
號,号,hou4,號叫，號啕，號哭，呼號,（動詞）高聲叫喊,
號,号,hou6,號碼，符號，記號,（名詞）標記，名稱,
鎬,镐,hou6,,（地名）西周的國都,
兇,凶,hung1,,,凶
哄,哄,hung1,哄傳，哄動，哄然，哄勸，亂哄哄，哄堂大笑，哄抬物價,許多人同時發出喧譁聲或大笑聲,
哄,哄,hung3,哄騙，哄人，哄孩子,逗弄，用假話騙人,
鬨,哄,hung3/hung6,鬨鬧，起鬨，一鬨而散,喧鬧，笑鬧,
紅,红,hung4,紅色，臉紅,像鮮血一樣的顏色,
蕻,蕻,hung4,雪裡蕻,一種花,
蕻,蕻,hung6,菜蕻,茂盛的樣子,
汞,汞,hung6/hung3,,,銾
圈,圈,hyun1,圈子，圈套，圈點，圈選，圓圈，花圈，繞圈，項圈,環形的東西,
壎,埙,hyun1,,,塤
嬛,嬛,hyun1,嬛佞，便嬛,輕巧，輕盈，輕飄的樣子,
券,券,hyun3,獎券，贈券,,
吒,吒,ja1,哪吒，木吒，金吒,佛教的護法神名,
查,查,ja1,,（姓）,
咋,咋,ja1,咋呼，咋唬,（方言）吆喝，喊叫，炫耀，張揚,
咋,咋,ja2,咋辦，咋樣，咋回事,（方言）怎，怎麼,
榨,榨,ja3,,,搾
柞,柞,ja3,柞水,（地名）,
咋,咋,jaak8,咋舌,咬住,
翟,翟,jaak9,,（姓）,
簪,簪,jaam1,,,簮
掙,挣,jaang1,,（口語）,
睜,睁,jaang1,,（口語）,
爭,争,jaang1,,（口語）,
猙,狰,jaang1,,（口語）,
琤,琤,jaang1,,（口語）,
掙,挣,jaang6,掙錢，掙脫，掙開，掙命，掙揣,通過勞動獲取報酬；儘力擺脫,
什,什,jaap9,什錦，什物，家什,各種各樣，雜樣,
軋,轧,jaat8,軋鋼，軋機，熱軋，冷軋,壓制鋼材的過程,
紮,扎,jaat8,,,紥
仔,仔,jai2,牛仔褲,小孩，男孩，幼小動物,
濟,济,jai2,濟南，濟寧，濟源，濟水，濟濟一堂,（地名）,
濟,济,jai3,濟貧，經濟，賑濟，接濟，無濟於事，同舟共濟,過河，救助，有益,
掣,掣,jai3,掣肘，牽掣，風馳電掣,拽，拉；迅疾，閃過,
枕,枕,jam2,枕頭，枕木，同床共枕,（名詞）躺著的時候墊在頭下的東西,
枕,枕,jam3,枕戈待旦,（動詞）把頭放在枕頭上，用枕頭墊頭,
真,真,jan1,,,眞
曾,曾,jang1,,（姓）,
掙,挣,jang1,掙扎,用力支撐或儘力擺脫,
質,质,jat7,質量，質的，性質，物質，品質，優質，實質，變質，質疑，質問,事物的根本、特性、本性等；詢問，詰問，責問,
周,周,jau1,周圍，圓周,,
週,周,jau1,週末，週刊，週年，週遊,,
借,借,je3,借錢，借書,暫時用別人的財物,
藉,借,je3/jik9,藉口，藉故，藉機，藉助，藉詞，藉著，藉以，藉端，憑藉，藉著權勢,假託，假借，依賴，依靠,
苴,苴,jeui1/cheui1,苴麻,一種植物,
嶼,屿,jeui6,島嶼,小島,
著,着,jeuk8,著衣，穿著，衣著，著西服，衣著打扮,穿衣服,
嚼,嚼,jeuk8,嚼舌，嚼食，嚼子，咀嚼，嚼不爛，細嚼慢嚥，咬文嚼字，味同嚼蠟，過屠門而大嚼,用牙齒咬碎食物,
斫,斫,jeuk8,斫伐，斫鼻，斫樹，斫營，斫木,砍，斬；用刀斧砍削或劈樹,斲
焯,焯,jeuk8/cheuk8,焯燦，焯見,顯明，光明，明顯，明白,
勺,勺,jeuk8/cheuk8/seuk8,,,杓
著,着,jeuk9,著涼，著急，著火，著迷，著慌，著忙，著魔，著熱，著雨，著陸，著重，著手，著色，著實，著想，著筆，著力，著墨，著意，著落，著人，睡著，猜著，打著，沉著，執著，無著，膠著，聽著，跑著，拿著，笑著，附著物，黏著力，見不著，見不著，犯不著，合不著，數得著，著手成春，歪打正著，不著邊際，不著痕跡，著三不著兩,接觸，感受；下棋走一步；手段，辦法（助詞）表示動作正在進行；表示有了結果或達到目的,
著,著,jeuk9,土著,世居本地的人,
縉,缙,jeun3,,,搢
浚,浚,jeun3,浚河，浚渠，浚井，疏浚,疏通，挖深,濬
焌,焌,jeun3,,用火來燒東西,
雋,隽,jeun3,雋才,傑出，出眾，英俊，才能過人,
將,将,jeung1,將軍，將來，將要，將就，將近，即將，將信將疑,（介詞、副詞、連詞）快要；把；又，且；拿，用；調養；（象棋）攻擊對方的將或帥,
獐,獐,jeung1,,,麞
長,长,jeung2,長大，廠長,（動詞、名詞）,
漲,涨,jeung2/jeung3,漲價，漲落，漲潮，漲價，漲幅，漲錢，高漲，上漲，暴漲，看漲，漲停，水漲船高,水上升，水量增加，水面提高；增長，增高，上升，提高,
將,将,jeung3,將官，將領，將帥，將校，將士，將兵，上將，中將，少將,（軍銜名）高級軍官；（書）帶領，統領,
賬,账,jeung3,,,帳
仗,仗,jeung3,打仗，敗仗，勝仗,（名詞）戰爭，戰鬥,
漲,涨,jeung3,漲紅，漲大，漲紅了臉，煙塵漲天,擴大，擴張，變大，充滿,
仗,仗,jeung6,仗劍，倚仗，仗勢欺人，仗義執言,（動詞）憑藉，依靠,
茲,兹,ji1,今茲，來茲，茲啟者，茲事體大，念茲在茲,此，這個，現在，此時，此地,
吱,吱,ji1,吱聲，咯吱，嘎吱，吱吱叫，吱吱響，不吱聲，吱嘍嘍，吱的一聲,（象聲詞）尖細的聲音，小動物的叫聲；發出聲音,
鼒,鼒,ji1,,上端口斂而口小的鼎,
氏,氏,ji1,閼氏，月氏,,
祗,祗,ji1,祗仰，祗候，祗待，祗候光臨，祗請尊安,恭敬,
仔,仔,ji1,仔肩,責任，負擔,
只,只,ji2,,,祗
仔,仔,ji2,仔細，仔密,小心，細心,
質,质,ji3,質押，質當，人質,用人或財物作抵押品,
識,识,ji3,標識，款識，博聞強識,標記，記號,
俟,俟,ji6,俟機，俟候,等待，等候,
伺,伺,ji6,伺機，伺便，伺探，窺伺,觀察，探察，偵候,
跡,迹,jik7,,,蹟
藉,藉,jik9,狼藉，草藉，枕藉，慰藉，蘊藉，杯盤狼藉,墊，襯；墊在下面的東西；凌亂，雜亂的樣子；（書）踐踏，凌辱，侮辱,
借,借,jik9/je3,借口,假托，利用,
霑,沾,jim1,霑水，黃霑,（多用於人名）浸濕,
羶,膻,jin1,,,羴
氈,毡,jin1,,,氊
碾,碾,jin2,碾米，碾碎,（俗）,
正,正,jing1,正月，新正,農曆每年的第一月,
證,证,jing3,,,証
正,正,jing3,正式，正常，正當，正經，正面，正義，正門，正好，正派，修正，改正，糾正，端正，公正，純正，方正,不偏斜的，不歪斜的，符合規範的，符合標準方向的,
靚,靓,jing6,靚衣，靚妝,妝飾或打扮艷麗、美好,
哲,哲,jit8,,,喆
朝,朝,jiu1,朝夕，朝氣，今朝，朝思暮想,早晨,
召,召,jiu6,召喚，號召,呼喚，招致,
嚼,嚼,jiu6,倒嚼，反嚼，回嚼,反芻,
載,载,joi2,千載難逢，三年五載，一年半載,年,
載,载,joi3,載貨，載客，承載，運載，搭載，下載，登載，過載，記載，刊載，轉載，連載，記載，刊載，轉載，連載，載歌載舞，滿載而歸，怨聲載道,裝運，用交通工具裝東西,
酢,酢,jok9,,客人向主人敬酒,
柞,柞,jok9,柞樹，柞櫟，柞蠶,一種落葉喬木,
駔,驵,jong2,駔儈,買賣馬的經紀人,
藏,藏,jong6,藏人，西藏，寶藏,指西藏,
僮,僮,jong6,僮族,（中國少數民族）指壯族,
糟,糟,jou1,,,蹧
駔,驵,jou2,,駿馬，壯馬,
灶,灶,jou3,,,竈
造,造,jou6,造型，造句，造紙，造船，造化，造反，造謠，製造，創造，構造，人造，改造，塑造，編造，捏造,生產，製作,
鏃,镞,juk9,箭鏃,箭頭,
中,中,jung1,中間，中心，中途，中等，中級，中央，中樞，中文，中醫，中外，中原，中學，中庸，中部，中立，中介，中秋，中斷，中止，中用，中看，中聽，心中，山中，空中，其中，當中，適中，集中，意中人，眼中釘，肉中刺，心目中，進行中，調查中，急中生智，雪中送炭,與四周圍距離相等，裡面，之間；適於，合於,
縱,纵,jung1,縱線，縱橫，縱隊，縱貫，縱剖面,直,
樅,枞,jung1,樅陽,（地名）,
忪,忪,jung1,怔忪，心忪,心跳，驚懼,
種,种,jung2,種子，種類，品種，物種，各種，絕種,（名詞）種子，類別,
縱,纵,jung3,縱情，縱容，縱火，縱然，放縱，縱身一跳，縱虎歸山，欲擒故縱,釋放，放肆；即使,
中,中,jung3,中的，中獎，中彩，中選，中意，中肯，中計，中風，中毒，中暑，中槍，中彈，中傷，中伏，中箭，中標，中邪，打中，擊中，考中，猜中，看中，說中，命中，射中，中詭計，中規中矩，一語中的，正中下懷，百發百中，言必有中,射中目標，遭受,
種,种,jung3,種植，種田，種樹，種花，種菜，接種，種牛痘，種麥子，種棉花,（動詞）種植；接種疫苗,
眾,众,jung3,,,衆
粽,粽,jung3/jung2,,,糉
重,重,jung6,重要，重大，重任，重視，重點，重心，重用，重責，重鎮，嚴重，慎重，鄭重，莊重，尊重，敬重，器重，看重，側重，穩重，保重，自重，珍重，重於泰山，重男輕女，任重道遠，語重心長，德高望重,要緊的，意義大的；尊敬；不輕率,
從,从,jung6/chung4,從犯，從吏，隨從，侍從，僕從，主從，從兄，從叔，主從關係,跟隨的人，僕役；附和的，附加的；親族同祖的,
著,著,jyu3,土著,（俗）世居本地的人,
著,著,jyu3,著作，著名，著書，著者，著稱，著述，名著，原著，譯著，巨著，新著，大著，遺著，論著，編著，撰著，專著，顯著，卓著，昭著，著作權，著書立說，彰明較著，臭名昭著，見微知著,顯出，明顯；寫作；文章，書，小說等,
轉,转,jyun2,,（及物動詞）,
傳,传,jyun2,傳記，自傳，外傳，別傳，列傳，經傳，紀傳體，不見經傳,（口語）記載某人一生事跡的文字,
轉,转,jyun3,,（不及物動詞）,
鑽,钻,jyun3,鑽石，電鑽，鑽戒,（名詞）穿孔的工具；鑽石,
鑽,钻,jyun3/jyun1,鑽井，鑽孔，鑽研,（動詞）穿孔；深入研究,
傳,传,jyun6,傳記，自傳，外傳，別傳，列傳，經傳，紀傳體，不見經傳,記載某人一生事跡的文字,
咄,咄,jyut8,咄咄逼人,（俗）斥責，呵叱,
卡,卡,ka1,卡車，卡通，卡規，卡尺，大卡，卡路里，卡賓槍,（音譯用字）,
卡,卡,ka2/ka1,卡住，卡緊，卡子，關卡，髮卡，稅卡,夾在中間不能活動；夾子,
咯,咯,kaak8,咯血，咯痰,嘔，吐,
卡,卡,kaat7,卡片，刷卡，磁卡，信用卡，借書卡，資料卡,卡片的簡稱,
稽,稽,kai1,稽查，稽留，稽延，稽核，滑稽，無稽之談，反脣相稽,停留，延遲，考核，計較,
蹊,蹊,kai1,蹊蹺，蹺蹊,奇怪，可疑,
啟,启,kai2,,,啓
稽,稽,kai2,稽首,（古）一種類似磕頭的跪拜禮,
琴,琴,kam4,,,琹
近,近,kan5,,（口語）,
歙,歙,kap7,,收斂，吸氣,
咳,咳,kat7,咳嗽，乾咳,,
仇,仇,kau4,,（姓）,
茄,茄,ke2,茄子，番茄,一種蔬菜,
騎,骑,ke4,騎馬，騎車，騎牆,指騎馬，也泛指兩腿跨在東西上,
伽,伽,ke4,伽藍，伽陀，僧伽，伽南香,（梵文音譯用字）,
騎,骑,kei3,騎士，騎兵，騎哨，輕騎，鐵騎，坐騎，車騎，騎從，騎手，單騎，邊騎，探騎，突騎，胡騎，驍騎，梟騎，驃騎，精騎，騎置，驛騎，一騎，千騎,指馬兵，騎兵，或騎馬的人,
俟,俟,kei4,万俟,（姓）,
奇,奇,kei4,奇怪，奇蹟，奇兵，稀奇，驚奇，不足為奇,特別，怪異，罕見，特殊，不尋常,
期,期,kei4,期間，期限，期待，期望，期刊，期末，期滿，時期，到期，長期，假期，定期，星期，如期，過期，學期，週期，初期，不期而遇，遙遙無期,限定的時間,
祇,祇,kei4,神祇,（古）地神,祗
圻,圻,kei4,,邊界，地界；方圓千里之地,
區,区,keui1,,區域，地區,
蠼,蠼,keui4,,,蠷
強,强,keung4,強壯，強大，堅強,有力,
強,强,keung5,強迫，強求，勉強，牽強，強詞奪理，強人所難，牽強附會,硬要，迫使，勉強,
乾,乾,kin4,乾坤，乾宅,八卦之一,
犍,犍,kin4,犍為縣,（地名）,
蹺,跷,kiu1/hiu1,蹺著腳，蹺蹺板,墊起腳後跟走,
蹺,跷,kiu2,蹊蹺,,
蹺,跷,kiu3,高蹺，踩高蹺,,
翹,翘,kiu3/hiu3,翹尾巴，翹起來,一端向上揚起，突起，高起,
翹,翘,kiu4,翹首，翹望,舉起，抬起，向上,
蹺,跷,kiu5,蹺腿，蹺大拇指,抬起，豎起,
蓋,盖,koi3,蓋上，蓋好，蓋世，蓋章，覆蓋，遮蓋，涵蓋，蓋被子，蓋房子，蓋不住,（動詞）,
擴,扩,kong3,擴散，擴大,（俗）,
坤,坤,kwan1,,,堃
捆,捆,kwan2,,,綑
群,群,kwan4,,,羣
擴,扩,kwok8,擴散，擴大,,
撅,撅,kyut8,,,噘
炔,炔,kyut8,炔烴，乙炔,,
喇,喇,la1,喇嘛,藏傳佛教的僧侶,
拉,拉,la1,拉話，拉閒，拉家常，拉呱兒，拉舌頭,閒談,
喇,喇,la3,喇叭,一種管樂器,
拉,拉,laai1,拉車，拉扯，拉長，拉開，拉攏，拉鋸，拉貨，拉倒，拉拔，拉屎，拖拉，拉關係，拉生意，拉交情，拉買賣，拉警報，拉肚子，拉胡琴，拉二胡，拉下水，手拉手，拉手風琴，拉小提琴,拖，扯，拔，拽，牽引,
落,落,laai6,落下，丟三落四,丟下，遺漏，忘了拿，被丟在後面,
檻,槛,laam6,門檻，窗檻，閘檻,門限，指門框或窗框下的橫木、石條等,
拉,拉,laat9,拉開，拉下，拉口子，拉下一塊肉，拉了一個口子,用刀割，切開，割開，切斷，劃破,
撈,捞,laau4,撈魚，撈取，撈起，撈麵，打撈，捕撈，撈魚蝦，撈稻草，水中撈月，海底撈針,將東西從水中取出來,
嘍,喽,lau1,吃飯嘍，水開嘍，下班嘍，起來嘍,（語氣助詞）表示提醒，呼喚，注意等,
嘍,喽,lau4,嘍囉,盜匪的部下,
溜,溜,lau6,溜冰，溜達，溜走，溜圓，溜光，溜槽，溜狗，滑溜，水溜，大溜，簷溜，溜滑梯，溜冰場，溜旱冰，光溜溜，圓溜溜，酸溜溜，烏溜溜，順口溜，一溜煙，隨大溜，溜鬚拍馬,滑行，平滑，無阻礙；急流，房簷滴下的水；（量詞）條，排,
咧,咧,le1,,（助詞）了，啦,
哩,哩,le1,,（助詞）呢,
咧,咧,le2,咧嘴，咧著嘴笑,嘴巴斜著張開,
璃,璃,lei1,玻璃,,
璃,璃,lei4,琉璃,,
狸,狸,lei4,,,貍
哩,哩,lei5,,英美制長度單位,
靚,靓,leng3,靚仔，靚女,（方言）漂亮，好看,
累,累,leui5,累積，累累，累次，累進，累犯，累年，危如累卵，成千累萬，長年累月，日積月累，罪行累累,屢次，多次，接連；重叠，堆積，聚集,纍
裡,里,leui5,,,裏
累,累,leui6,累人，累及，累贅，勞累，受累，連累，牽累，拖累,疲勞，疲憊，疲乏；牽連，牽扯；麻煩，多餘,
漯,漯,leui6,漯河,（地名）,
略,略,leuk9,,,畧
論,论,leun4,論語，論孟,《論語》的簡稱,
綸,纶,leun4,滌綸，腈綸，垂綸,人工合成纖維,
論,论,leun6,論文，論點，討論，理論，言論，談論，評論，相對論，一概而論，無論如何，相提並論,,
兩,两,leung2,銀兩，斤兩，半斤八兩,（重量單位）,両
梁,梁,leung4,,,樑
量,量,leung4,量杯，量地，考量，商量，測量，估量，衡量，端量，思量，量血壓，量溫度,（動詞）估計，考慮；用器具確定物體的性質,
莨,莨,leung4,莨綢，薯莨,指薯莨,
輬,辌,leung4,轀輬,,
兩,两,leung5,兩邊，兩手，兩極，兩棲,（數目字）,
量,量,leung6,量詞，數量，力量，質量，容量，含量，重量，氣量，膽量，量力而為，量入為出，不自量力,（名詞）數量；容納或禁受的限度；估計,
鷸,鹬,leut9,,（俗）,
率,率,leut9,比率，利率，效率，頻率，功率，稅率，速率，圓周率，百分率,一定的標準、準則或比例,
哩,哩,li1,哩哩啦啦,零零散散或斷斷續續的樣子,
櫟,栎,lik7,櫟樹,一種落葉喬木,
令,令,lim1,一令紙,（量詞）,
襝,裣,lim6,,,斂
煉,炼,lin6,,,鍊
欞,棂,ling4,,,櫺
令,令,ling4,令狐,（複姓）,
令,令,ling6,命令，口令,使，使得；上級的指示；季節,
愣,愣,ling6,,,楞
撩,撩,liu1,撩開，撩起，撩水，撩起來，撩裙子，撩起門簾，撩上點水,提，掀起；用手灑水,
溜,溜,liu1,溜走，溜開，偷溜，溜課，溜工，溜掉，開溜，溜回家，溜之大吉,偷偷地走開,
瞭,了,liu4,明瞭，瞭如指掌,明白，清楚,
瞭,瞭,liu4,瞭望，瞭望台,遠遠地望，從高處遠望,
撩,撩,liu4,撩撥，撩惹，撩人，撩逗，撩動，花香撩人,挑弄，招惹，引逗，挑逗,
瞭,了,liu5,瞭解，一目瞭然,,
釕,钌,liu5,釕銱兒,扣住門窗等的鐵片,
蓼,蓼,liu5,,一種植物,
了,了,liu5,了得，了斷，了結，了賬，了卻，走了，終了，未了，聰了，了了，了不起，了不得，看完了，說過了，做好了，辦得了，做得了，受不了，動不了，來不了，了卻心願，了無新意，了無生趣，一了百了，不了了之，沒完沒了,結束，完全，全然；（動詞後）可能；（語助詞）表示動作已完成,
釕,钌,liu6,,金屬元素，符號Ru,
咯,咯,lo1,當然咯,（語氣助詞）,
硌,硌,lok8,,（名詞）山上的大石,
樂,乐,lok9,樂趣，樂意，快樂，取樂,歡喜，快活,
落,落,lok9,落下，墜落,,
咯,咯,lok9,吡咯,一種有機化合物,
郎,郎,long2,令郎，大郎,（舊）稱別人的兒子,
郎,郎,long4,郎君，郎中，新郎，情郎，牛郎，女郎，郎才女貌,稱年輕男子,
莨,莨,long4,莨菪,一種多年生草本植物,
閬,阆,long4,閌閬，閬閬,高大，空曠,
閬,阆,long6,閬中，閬苑,（地名）,
撈,捞,lou1,撈錢，撈本，撈一把，撈油水，撈外快，撈資本，撈了一筆,用不正當的手段取得,
勞,劳,lou4,勞動，勞累，勞駕，功勞，疲勞，操勞，勤勞，不勞而獲，吃苦耐勞,辛勤，努力，勤苦做事,
滷,卤,lou5,,,鹵
勞,劳,lou6,勞軍，勞兵，犒勞，慰勞,慰問，慰勉辛苦或有功勞的人,
碌,碌,luk7,碌碌，忙碌，庸碌，勞碌，一骨碌,繁忙，繁雜；平凡，沒有才能,
碌,碌,luk9,碌碡,一種石製的農具,
蓼,蓼,luk9,,形容植物長大的樣子,
籠,笼,lung4,籠子，鳥籠，蒸籠，燈籠,（名詞）指籠子,
籠,笼,lung5,籠罩，籠統，籠絡,（動詞）指遮住，像籠子一樣罩住,
嗎,吗,ma1,幹嗎，有嗎，要嗎，嗎玩意兒，要嗎有嗎,（方言）什麼,
嘛,嘛,ma1,幹嘛，有嘛，要嘛，嘛玩意兒，要嘛有嘛,（方言）什麼,
嗎,吗,ma1/ma3,好嗎，行嗎，可以嗎,（疑問助詞）,
嗎,吗,ma1/ma5,嗎啡,一種鎮痛藥,
嘛,嘛,ma3,有意見就提嘛,（助詞）表示提醒、勸阻、顯而易見、道理明顯等語氣,
麻,麻,ma4,,,蔴
嘛,嘛,ma4,喇嘛,（藏語）對僧人、法師等的尊稱,
謾,谩,maan4,欺謾,欺騙，蒙騙，蒙蔽,
蔓,蔓,maan4,蔓菁,蕪菁，一種草本植物,
謾,谩,maan6,謾罵,輕慢，不禮貌，不尊重,
蔓,蔓,maan6,蔓延，蔓草，蔓生，藤蔓，瓜蔓，順蔓摸瓜,植物細長能纏繞但不能直立的莖；滋生，擴展,
繃,绷,maang1,繃臉，繃勁，繃著臉，繃不住,板著，強忍住,綳
貘,貘,mak9,,,獏
氓,氓,man4,流氓,（俗）,
泯,泯,man5,,,冺
澠,渑,man5,澠池,（地名）,
宓,宓,mat9,靜宓,寧靜，安靜,
繆,缪,mau4,未雨綢繆,纏縛,
繆,缪,mau6,紕繆,錯誤,
乜,乜,me1,乜斜,瞇著眼睛,
命,命,meng6,,（口語）,
鼏,鼏,mik9,,鼎的蓋子,
麵,面,min6,,,麪
命,命,ming6,命運，生命,,
繆,缪,miu6,,（姓）,
麼,么,mo1,,,麽
磨,磨,mo4,磨刀，磨損，磨滅，磨難，磨光，磨功，磨墨，磨煩，磨牙，磨破，磨粉，磨細，磨練，折磨，研磨，窮磨，磨刀石，磨洋工，磨工夫，好事多磨，消磨間，百世不磨，磨成粉末，鐵杵磨成針,摩擦,
無,无,mo4,南無,（梵文音譯詞）,
磨,磨,mo4/mo6,磨子，磨叨，磨房，磨車，磨麵，石磨，電磨，推磨，磨豆腐，磨豆漿，磨麥子，磨過來，磨不過來，有錢能使鬼推磨,（名詞）碾碎穀物的器具；（動詞）用磨子碾平穀物,
膜,膜,mok9,隔膜，耳膜，腦膜，網膜，黏膜,人、動物、植物等體內部的薄皮形組織,
氓,氓,mong4,流氓,,
膜,膜,mou4,膜拜,跪拜,
無,无,mou4,無法，無論，無疑，無辜，無聊，無奈，無限，無可奈何,沒有,
氂,牦,mou4/lei4,,,犛
霉,霉,mui4,,,黴
鞔,鞔,mun4,鞔鼓，鞔鞋,用皮革做鼓，鞋等,
哪,哪,na1,天哪,（語氣詞）表示驚訝或停頓,
哪,哪,na4,哪吒,（梵文音譯詞）,
娜,娜,na4,麗娜，安娜,（人名用字）,
南,南,na4,南無,（梵文音譯詞）,
那,那,na5,那裡，那個，那年，那時，那樣，那麼，那地方，那棵樹，那時候，那些人，那座樓，那會兒,（指定代名詞）,
哪,哪,na5,哪裡，哪兒，哪個，哪呢,（疑問詞）,
乃,乃,naai5,,,迺
鼐,鼐,naai5,,大鼎,
南,南,naam4,南方，南邊，南面，南風，指南針,（方向）,
難,难,naan4,難道，難題，艱難，困難,（形容詞）,
難,难,naan6,難民，災難,（名詞）,
猱,猱,naau4,猱犬，蠼猱,,
泥,泥,nai4,泥土，泥巴，泥坑，泥濘，稀泥，水泥，污泥，爛泥，印泥，蒜泥，棗泥，肉泥，淤泥，土豆泥，泥牛入海，拖泥帶水,水和土合成的半固體；像泥的東西,
呢,呢,nai4/nei4,呢子，呢料，呢絨，毛呢，厚呢，呢喃,一種毛織品,
呢,呢,ne1,哪兒呢，怎麼辦呢,（助詞）表示疑問、確定、停頓、動作正在繼續等,
乜,乜,ne6,,（姓）,
泥,泥,nei6,泥古，泥牆，泥壁，拘泥，泥古不化,固執，拘束，死板，停留不前；塗抹，塗飾，用土、灰等塗抹牆壁或器物,
娘,娘,neung4,,,孃
嗯,嗯,ng2,嗯？怎麼回事，嗯？你說什麼，嗯？你在幹嘛，嗯！那可不成，嗯！我看不一定,（歎詞）表示疑問、懷疑、意外、出乎意料、不以為然等語氣,
嗯,嗯,ng6,嗯！好吧，嗯！就這樣吧，嗯！就這麼辦吧,（歎詞）表示答應、應允等語氣,
捱,挨,ngaai4,捱餓，捱打，捱罵，捱日子,遭受，親身受到，困難地度過,
岩,岩,ngaam4,,,巖
贗,赝,ngaan6,,,贋
崤,崤,ngaau4,,,殽
樂,乐,ngaau4/ngaau6,樂山樂水，樂道安貧，知者樂水，仁者樂山,愛好，喜好，欣賞,
霓,霓,ngai4,,,蜺
偽,伪,ngai6,,,僞
沂,沂,ngan4,,河岸,
圻,圻,ngan4,,界限，邊際,
杌,杌,ngat9,,,阢
鉤,钩,ngau1,,,鈎
齧,啮,ngit9/ngaat9,,,囓，嚙
哦,哦,ngo4,吟哦,低聲地唱,
峨,峨,ngo4,,,峩
呆,呆,ngoi4,呆板，發呆，痴呆，呆呆地,傻，愚蠢，停留，逗留,獃
鱷,鳄,ngok9,,,鰐
樂,乐,ngok9,樂器，音樂,音樂,
櫟,栎,ngok9,櫟陽,（地名）,
溺,溺,nik7/nik9,溺水，溺死,淹沒，沉迷，過分,
黏,黏,nim1,黏度，黏土，黏液，黏糊，黏稠，黏性，黏膜，黏著，黏附，黏接，黏住，黏合，黏結，發黏，很黏，黏著力,（形容詞）像膠水一樣有附著力,粘
粘,粘,nim1/jim1,粘連，粘牙，粘在一起，粘在手上,（不及物動詞）附著，膠著，纏著；有黏性的東西互相連結,黏
鯰,鲇,nim4,,,鮎
粘,粘,nim4,粘貼，粘封信，粘海報，粘標語，粘郵票,（及物動詞）貼合，貼附；用膠水、漿糊等有黏性的東西使物件連結起來，使不分開；（姓）,黏
碾,碾,nin5,碾米，碾碎,,
寧,宁,ning4,寧靜，安寧，息事寧人，坐臥不寧,安靜，平靜，安定,
寧,宁,ning6,寧可，寧願，寧死不屈，寧缺毋濫,情願,
寧,宁,ning6,,（姓）,甯
溺,溺,niu6,便溺,尿，小便,
那,那,no1,,（姓）,
娜,娜,no5,婀娜，裊娜，婀娜多姿,柔軟細長，輕盈柔美的樣子,
饢,馕,nong4,,一種烤製的麵餅,
饢,馕,nong5,饢嗓，饢糠，饢糟,拼命往嘴裡塞食物,
衄,衄,nuk9,,,衂
阿,阿,o1,阿諛，阿附，阿膠，阿房宮，阿其所好，阿諛逢迎，阿彌陀佛，剛直不阿,迎合，偏袒,
哦,哦,o4,,（歎詞）表示驚奇、疑問、將信將疑等,
哦,哦,o6,,（歎詞）表示領悟、領會、醒悟等,
惡,恶,ok8,惡人，惡性，惡劣，惡霸，惡感，惡習，惡戰，罪惡，兇惡，善惡,壞，不好，兇狠,
噁,恶,ok8,,,惡
柏,柏,paak8,柏樹，柏林，松柏，側柏，柏拉圖，都柏林,一種常綠喬木；（地名、人名）譯音字,栢
柏,柏,paak8/baak8,柏油，柏油路,瀝青,
澎,澎,paang1/paang4,澎湃,,
澎,澎,paang4,澎湖,（地名）,
泡,泡,paau1,泡兒，起泡，泡影，泡幻，眼泡，豆泡，一泡尿，一泡屎，電燈泡,像泡一樣的東西，泡狀器物，鼓起而鬆軟的東西；（量詞）用於屎尿,
炮,炮,paau3,,,砲，礮
疱,疱,paau3,,,皰
泡,泡,paau3,泡水，泡茶，泡菜，泡飯，泡麵，泡湯，泡澡，浸泡,用水沖或浸,
刨,刨,paau4,,,鉋，鑤
否,否,pei2,否極泰來,壞，惡，不好,
吡,吡,pei2,,斥責，詆毀,
裨,裨,pei4,裨將，偏裨,輔佐的,
被,被,pei5,被子，被單，棉被，毛巾被,睡覺時覆蓋身體的東西,
扁,扁,pin1,扁舟,,
片,片,pin2,片子，片约，相片，唱片，照片，影片,指片子,
片,片,pin2,紙片，卡片，名片，圖片，雪片，藥片，明信片,（口語）扁平而薄的物體,
片,片,pin3,片刻，片面，片段，名片，卡片，圖片，明信片，片瓦無存，片言隻字,扁而薄的物體；很少，很短；（量詞）,
便,便,pin4,便宜,,
屏,屏,ping4,屏幕，屏風，屏障，屏蔽，屏條，雀屏，畫屏，孔雀開屏,（動詞）遮擋；（名詞）擋風或隔間的用具,
漂,漂,piu1,漂浮，漂移，漂泊，漂流,浮在液體上；隨風或液體流動,
漂,漂,piu3,漂亮，漂白，漂洗，漂染,美，好看；用水沖洗，或用化學藥品使紡織品變白,
驃,骠,piu3,驃國，驃人，驃信，驃騎，驃勇,古代國名，也指勇猛，或馬奔跑的樣子,
頗,颇,po1,偏頗,偏，不正,
頗,颇,po2,頗久，頗大，頗多，頗少，頗感興趣，頗有誠意，頗不以為然,略微，稍，很，甚,
膀,膀,pong4,膀胱,,
彷,彷,pong4,彷徨,徘徊不前，猶疑不決的樣子,
磅,磅,pong4,磅礴,盛大，廣大，充滿，無邊際,
鋪,铺,pou1,鋪路，鋪開，鋪蓋，床鋪，搭鋪,（動詞）,
脯,脯,pou2/fu2,果脯，杏脯，桃脯，肉脯,果乾，肉乾,
舖,铺,pou3,舖子，舖位，店舖,（名詞）,鋪
脯,脯,pou4,胸脯，脯子,胸部,
泡,泡,pou5,泡沫，泡子，氣泡，水泡，起泡，冒泡，發泡，肥皂泡,液體內有空氣的球狀物,
仆,仆,puk7,前仆後繼,（俗）跌倒；以面伏地,
番,番,pun1,番禺,（地名）,
伴,伴,pun5,,（口語）,
莎,莎,sa1,莎車，莎翁，溫莎,（地名，人名）,
挲,挲,sa1,挓挲,張開的樣子,
三,三,saam1,三個，三角，再三，三番五次,（數字）,
三,三,saam3,三思,屢次，多次，再三,
柵,栅,saan1,柵極，光柵，柵格圖,指柵極，一種多極電子管中最靠近陰極的電極,
散,散,saan2,散文，散漫，散髮,鬆開，不約束，不守紀律，零碎的，不集中的,
散,散,saan3,散步，散心，散會，散佈,分開，分離，分佈，分給，排遣，解僱,
省,省,saang2,省份，節省,,
剎,刹,saat8,剎車，剎住,止住,
剎,刹,saat8/chaat8,剎那，古剎，剎那間,佛寺,
茜,茜,sai1,,（人名用字）,
使,使,sai2,使用，使喚，支使，驅使，假使，即使，迫使，促使,（口語）用，差遣，令,
塞,塞,sak7,塞滿，塞子，塞住，塞車，塞責，耳塞，活塞，木塞，瓶塞，堵塞，閉塞，阻塞，充塞，搪塞，軟木塞，閉目塞聽,堵，填滿，阻隔，受阻，不暢，不通,
芯,芯,sam1,燈芯,去皮的燈心草,
參,参,sam1,參茶，參茸，參星，參商，參鬚，人參，黨參，高麗參，動如參商,一種草藥植物；二十八宿之一,蔘
什,什,sam6,什麼,（疑問詞）,甚
濕,湿,sap7,,,溼
嗖,嗖,sau1,,（象聲詞）迅速通過的聲音,
搜,搜,sau1/sau2,搜集，搜羅,尋求，尋找,蒐
搜,搜,sau2,搜身，搜捕,搜索檢查,
宿,宿,sau3,星宿，二十八宿,（天文學）星的集合體,
鏽,锈,sau3,,,銹
繡,绣,sau3,,,綉
仇,仇,sau4,仇人，仇恨，仇敵，結仇，恩仇，報仇，深仇大恨，恩將仇報，疾惡如仇,敵人，怨恨，敵意，報復,
蛇,蛇,se4,蛇皮，毒蛇,,
石,石,sek9,石頭，岩石,堅硬的塊狀物,
衰,衰,seui1,衰老，衰弱，衰退，衰敗，興衰，盛衰，衰微,變弱，減退,
說,说,seui3,說服，說客，游說,勸說，用言語勸人,
芯,芯,seun1,芯子,引線，物體的中心部分,
浚,浚,seun3,浚縣,（地名）,濬
囟,囟,seun3/seun2,,,顖
相,相,seung1,相信，相稱，相較，相像，相異，互相，相得益彰，相親相愛，兩地相思，出門相迎，守望相助，實不相瞞，旗鼓相當，有事相煩,彼此，交互，兩方面,
相,相,seung3,相貌，相親，相國，相命，相字，長相，面相，福相，窘相，吃相，丞相，宰相，儐相，寒酸相，窮酸相，相機而動，相夫教子，吉人天相，人不可貌相,審視，察看，辨察，占卜；外表，容貌，外形，模樣；官名,
上,上,seung5,上山，上樓，上街，上學，上班，上油，上來，上市，上車,（動詞）上升,
上,上,seung6,上面，上級，上次，上午，上輩，山上，以上，晚上，馬上,位置在高處,
率,率,seut7,率先，率領，率隊，率團，率真，率性，率然，直率，輕率，草率，表率，坦率，粗率,領先，帶領；直爽，坦白，不慎重，不細心,
思,思,si1,思想，思考，思念，思索，思路，思緒，深思，反思，心思，構思，單相思，三思而行，百思不解，深思熟慮，胡思亂想，飲水思源，不假思索，不可思議,想，懷念，想念；想法，意念,
使,使,si2,使用，使喚，支使，驅使，假使，即使，迫使，促使,用，差遣，令,
諡,谥,si3,,,謚
使,使,si3,使節，使命，使者，使徒，大使，特使，天使,奉命辦理事物；派駐國外進行外交事務的人員,
思,思,si3/si1,意思，好意思，小意思，有意思，不好意思,意義，含義，意見，心意，用意，趨勢，趣味,
匙,匙,si4,鑰匙，鎖匙,開鎖的器具,
伺,伺,si6,伺候,守候，服侍，照料,
氏,氏,si6,姓氏，無名氏,,
螫,螫,sik7,螫針，螫傷,毒蟲刺人,
識,识,sik7,識別，識字，認識，見識，知識，常識，膽識，素不相識,知道，認得，認識,
裼,裼,sik7/sik8,袒裼，袒裼裸裎,（古）長衣,
苫,苫,sim1,苫布，草苫子,（名詞）以草編成的覆蓋物,
苫,苫,sim3,苫布，苫上,（動詞）用草編成的席、布等覆蓋,
禪,禅,sim4,禪宗，坐禪,指與佛教有關的事物,
單,单,sim4,單于,匈奴君主的稱號,
鮮,鲜,sin1,鮮花，鮮美，鮮明，鮮豔，鮮嫩，新鮮，海鮮，嚐鮮，屢見不鮮,美味，甜美，清新,
鮮,鲜,sin2,鮮有，鮮見，鮮少，鮮為人知，寡廉鮮恥,少，寡，不多,
線,线,sin3,,,綫
單,单,sin6,單縣,（姓，地名）,
禪,禅,sin6,禪讓,帝王把帝位讓給別人,
撣,掸,sin6,撣族，撣邦,傣族的舊稱；緬甸民族之一,
茜,茜,sin6,茜草，茜紗,紅色,
勝,胜,sing1,勝任，不勝，不勝枚舉，不可勝數，數不勝數,能承受，禁得起,
省,省,sing2,反省，不省人事,,
勝,胜,sing3,勝利，戰勝，勝訴，勝過，勝似，勝於，勝會，勝地，勝景，取勝，名勝，獲勝，優勝，打勝仗，略勝一籌，名山勝景，以少勝多，引人入勝，旗開得勝，出奇制勝,打敗，超過；優美,
乘,乘,sing4,乘坐，乘車，乘船，乘客，乘法，乘涼，乘便，乘勢，乘機，乘以，乘除，乘員，搭乘，乘火車，乘飛機，乘人之危，乘風破浪，乘虛而入，乘勝追擊，乘興而來，乘勝直追，加減乘除,搭，搭坐；趁，藉著，利用；（數）指乘法，一種運算方法,
盛,盛,sing4,盛飯，盛湯，盛水，盛滿，盛不了，盛水不漏,用容器裝東西,
澠,渑,sing4,澠水,（古河流名）,
盛,盛,sing6,茂盛，昌盛，興盛，盛大，盛開，盛事，盛傳，盛宴，盛怒，盛情，盛意，盛會，盛產，盛舉，盛行，盛裝，盛誇，盛讚，盛饌，旺盛，繁盛，豐盛，盛情難卻，盛況空前，全盛時期，年輕氣盛，桃花盛開，生意興盛,興旺，繁榮，隆重；大規模，程度深，極為,
乘,乘,sing6,大乘，小乘，上乘，史乘，百乘之家，萬乘之國,（古）計算車輛的單位；（佛）指教法，教義,
歙,歙,sip8,歙縣,（地名）,
絏,绁,sit8,,,紲
少,少,siu2,少數，多少,不多,
少,少,siu3,少年，少爺，少男，少女，惡少，老少,年輕，青年,
召,召,siu6,,（姓）,
蓑,蓑,so1,,,簑
莎,莎,so1,莎草,香附子，一種草本植物,
挲,挲,so1,摩挲，挼挲,撫摸,
索,索,sok8,繩索,,
數,数,sok8,頻數，數見不鮮,屢次，頻頻,
索,索,sok8/saak8,索引，索取，搜索，線索,,
喪,丧,song1,喪禮，喪葬,跟死人有關的事,
喪,丧,song3,喪失，喪氣，喪命,丟掉，失去,
臊,臊,sou1,臊臭，腥臊，狐臊，鳥臊，尿臊氣,,
數,数,sou2,數數，數說，倒數，數數目，數到十，數典忘祖，數一數二，不可勝數,（動詞）計算，查點,
數,数,sou3,數字，數學，數年，數天，數種，人數，歲數，多數，次數，整數，分數，單數，複數，自然數，數以萬計，心中有數,（名詞）,
臊,臊,sou3,羞臊，害臊,,
宿,宿,suk7,宿舍，宿願，宿敵，宿命，宿醉，住宿，歸宿，寄宿，投宿，露宿，通宿，一宿，半宿，整宿，住一宿，三天兩宿,住，過夜；年老的；素有的，舊有的；（量詞）計算夜數,
從,从,sung1,從容，從容不迫,舒緩不急，不緊張的樣子,
忪,忪,sung1,惺忪，睡眼惺忪,未睡醒的樣子,
處,处,syu3,,（口語，名詞）地方,
雋,隽,syun5,雋語，雋永,言論、文章等意味深長,
說,说,syut8,說話，說笑，說法，說明，小說，學說，傳說,講話，解釋,
罈,坛,taam3,,,罎，壜
澹,澹,taam4,澹台,（複姓）,
淡,淡,taam5,淡水，淡綠，淡酒，清淡,（口語）鹽份少，不鹹；某成分少，不濃,
歎,叹,taan3,,,嘆
彈,弹,taan4,彈奏，彈琴，彈劾，彈琵琶，彈鋼琴，彈吉他，彈弦子，對牛彈琴,（動詞）演奏，撥弄樂器,
漯,漯,taap8,漯水，漯河,（古河流名）,
堤,堤,tai4,,,隄
聽,听,teng1,聽見，聽到，聽錯，聽過，聽話，聽筒，聽課，聽診，接聽，偷聽，聽清楚，聽診器,（白讀，用於口語詞彙和單獨使用）用耳朵接受聲音,
裼,裼,tik7,,嬰兒的衣服、被褥等,
鈿,钿,tin4,銅鈿，洋鈿，房鈿，車鈿，船鈿，幾鈿,（方）錢，硬幣,
填,填,tin4,,,塡
鈿,钿,tin4/din6,鈿鏡，寶鈿，螺鈿，翠鈿，金鈿,把金屬、寶石等鑲嵌在物體上面作裝飾,
汀,汀,ting1,汀線,水邊平地,
聽,听,ting1,聽覺，聽力，聽說，聽信，聽眾，聽聞，聽障，傾聽，聆聽，打聽，探聽，動聽，旁聽，視聽，竊聽，監聽，截聽，幻聽，公聽會，助聽器，竊聽器，百聽不厭，駭人聽聞，洗耳恭聽，娓娓動聽，危言聳聽,（文讀，用於合成詞和成語）用耳朵接受聲音,
聽,听,ting3,聽憑，聽任，聽便，聽訟，聽其自然，聽天由命，聽之任之，垂簾聽政,憑，任，任由，任憑，處理，判斷,
聽,听,ting3/ting1,聽覺，聽力，聽說，聽信，聽眾，聽聞，聽障，傾聽，聆聽，打聽，探聽，動聽，旁聽，視聽，竊聽，監聽，截聽，幻聽，公聽會，助聽器，竊聽器，百聽不厭，駭人聽聞，洗耳恭聽，娓娓動聽，危言聳聽,（俗，用於合成詞和成語）用耳朵接受聲音,
挑,挑,tiu1,挑選，挑剔，挑刺，挑揀，挑燈，挑毛病，挑重擔，挑大梁，挑肥揀瘦，挑三揀四，挑字眼兒,用肩膀承擔；選，揀；故意找錯，或找出小毛病而加以指摘,
挑,挑,tiu1/tiu5,挑釁，挑撥，挑戰，挑逗，挑弄，挑動，挑是非，挑撥離間,撥弄，撥動，惹起，引動，引起,
調,调,tiu4,調整，調停，調劑，調戲，調皮，調侃，調情，調和，調味，失調，空調，協調,,
調,调,tiu4,調查,（口語）,
馱,驮,to4,馱運，馱獸，馱馬，馱轎,（動詞）牲口用背負載人或物,
苔,苔,toi1,舌苔,一種舌頭上的物質,
台,台,toi1/toi4,台州，天台山,（浙江地名）,
枱,台,toi4,,,檯
台,台,toi4,台階，台詞，台灣，平台，電台，舞台，兄台,高而平的建築物；高出地面可供人活動或表演的地方或設備,臺
苔,苔,toi4,青苔,一種植物,
抬,抬,toi4,,,擡
託,托,tok8,,,托，讬
熨,熨,tong3,熨斗,（俗）把衣服燙平；把衣服燙平的工具,
幢,幢,tong4,石幢，經幢，一幢別墅,（量詞）用於樓房、房屋等；（古）刻著佛號或經咒的石柱,
叨,叨,tou1,叨光，叨教，叨擾，叨陪,（客套話）承受，得到，受到好處,
吐,吐,tou3,吐露，吐字，吐痰，吐氣，吐穗，吐絮，吐芽，吐訴，吐話，吐實，吐屬，吐口，吐血，吐沫，吐瀉，談吐，嘔吐，吐口水，吐故納新，吐出贓款，上吐下瀉,東西從嘴裡出來,
洮,洮,tou4,洮河,（水名）,
僮,僮,tung4,僮僕，家僮，書僮,（古）未成年的奴僕,
同,同,tung4,,,仝
斷,断,tyun5,斷絕，斷電，斷交，斷奶，斷氣，割斷，截斷，繩子斷了,（口語）長形的東西折掉或從中間截開，隔絕，不繼續,
凹,凹,wa1,,（地名，人名）,
話,话,wa2,話劇，話筒，笑話，會話，俗話，神話，童話，閒話，土話，傳話，說話，講話，廣州話，普通話，一句話,（名詞，口語）話語，語言，說出的語言,
畫,画,wa2/wa6,畫家，筆畫,（名詞）,
華,华,wa4,華麗，華人，精華，中華，年華,,
華,华,wa6,華山，華佗,（姓，地名）,
話,话,wa6,話舊，話別，話本，對話，茶話，話家常,（動詞）說，談，談論；（名詞）話語，語言，說出的語言,
畫,画,waak9,畫圖，畫畫,（動詞）,
玩,玩,waan2,玩兒，玩火，玩足球，玩遊戲，玩皮球，出去玩,遊戲，玩耍,
玩,玩,waan4,玩笑，玩意，開玩笑,耍笑捉弄,
圜,圜,waan4,轉圜,環繞，圍繞,
嬛,嬛,waan4,瑯嬛,天帝的藏書處,
橫,横,waang4,橫跨，縱橫，橫斷面,,
橫,横,waang6,橫財，橫禍，蠻橫,粗暴，意外，不吉利,
委,委,wai1,委蛇，虛與委蛇,應付，敷衍,
委,委,wai2,委任，委託，委派，委員，委婉，委屈，主委，編委，常委，省委，政委，委以重任,任命，託付,
毀,毁,wai2,,,譭，燬
為,为,wai4,以為，認為,,爲
衛,卫,wai6,,,衞
為,为,wai6,為了，因為,,爲
轀,辒,wan1,轀輬，轀車,（古）可以臥的車；喪車,
筠,筠,wan4,,竹子的青皮,
暈,晕,wan4,暈倒，暈厥，暈眩，暈船，暈車，暈機，頭暈，發暈，眼暈，暈過去，暈頭轉向，暈頭暈腦，頭暈眼花,頭昏，昏迷，頭腦不清，喪失知覺；乘坐交通工具時頭腦不舒服,
鋆,鋆,wan4,,金子,
暈,晕,wan6,日暈，月暈，紅暈，墨暈，燈暈，酒暈,出現在日月周圍的光環,
熨,熨,wan6,熨斗,把衣服燙平；把衣服燙平的工具,
混,混,wan6,,,溷
熨,熨,wat7,熨貼,恰當，貼切，妥貼，舒適,
核,核,wat9,果核，杏核，桃核，梨核,（口語）果實中心堅硬而含果仁的部份,
鷸,鹬,wat9,鷸蚌相爭,,
和,和,wo4,和平，和諧，和好，和服，講和，共和，暖和，軟和，熱和,停戰，不爭執，順適；氣候溫暖,
和,和,wo6,和詩，和韻，和答，唱和，附和，酬和，和麵，和泥，和弄，拌和，摻和，攪和，和稀泥，曲高和寡，一唱一和，用水和麵,聲音相應；加水攪拌或揉弄粉狀物；拌，調勻，攙和，混合,
污,污,wu1,,,汙
惡,恶,wu1,惡乎,（古疑問代詞、歎詞）何，怎麼,
滸,浒,wu2,水滸,靠近水邊的地方,
和,和,wu2,,（賭博用語）打麻將獲勝,
糊,糊,wu2,麵糊，芋糊，米糊，糨糊，芝麻糊，花生糊，玉米糊，辣椒糊,（名詞）濃稠如粥的食物,
惡,恶,wu3,可惡，厭惡，憎惡，好惡，深惡痛絕，好逸惡勞,討厭，憎恨,
糊,糊,wu4,糊牆，糊泥，糊塗，糊弄，糊人，糊著，含糊，模糊，迷糊，黏糊，爛糊，糊信封，糊燈籠，糊窟窿，糊頂棚,（動詞）黏貼，用糊狀物塗抹；（形容詞）不清楚，不明白，不明事理；（動詞，方言）敷衍，愚弄，矇騙，矇混,
回,回,wui4,,,囘，囬
迴,回,wui4,,,廻
會,会,wui5,會說，不會，會游泳，不會來，不會懂，能說會道，不會不懂，一定會實現,能，能夠，善於，可能，有能力做，懂得怎樣做,
匯,汇,wui6,,,滙
會,会,wui6,會合，會話，會審，會師，會齊，會客，會面，會意，會賬，都會，省會，誤會，領會，機會，一會，一會兒，這會兒，那會兒，多會兒，適逢其會,聚合，集合，合攏，合在一起；城市；見面；理解，領悟；片刻，很短的時間,
會,会,wui6/kui2,會計，會計師,總計，會計,
會,会,wui6/wui2,會議，開會，舞會，集會，工會，紀念會，學生會,多人集合的活動或組織,
莞,莞,wun2,莞爾，莞爾一笑,微笑的樣子,
玩,玩,wun2/wun6,古玩，珍玩,供玩賞的東西,
玩,玩,wun6,玩弄，玩具，玩味，遊玩，玩世不恭,戲弄，耍弄，觀賞,
任,任,yam4,任縣，任丘,（姓，地名）,
任,任,yam6,任務，任意，任命，任職，任用，任憑，信任，重任，擔任，就任，離任，委任，連任，放任，聽之任之，任重道遠,擔當，承受，職責，職務，委派,
任,任,yam6,任縣，任丘,（俗：姓，地名）,
衽,衽,yam6,,,袵
堙,堙,yan1,,,陻
柚,柚,yau2,柚子，葡萄柚,一種常綠喬木,
蚰,蚰,yau4,蚰蜒,,
柚,柚,yau4/yau2,柚木,一種落葉喬木,
佑,佑,yau6,,,祐
邪,邪,ye4,是邪，非邪，莫邪,（文言）表示疑問、感嘆等語氣,耶
琊,琊,ye4,瑯琊,（地名）,
若,若,ye5,般若，蘭若,（梵文音譯詞）,
贏,赢,yeng4,,（口語）,
若,若,yeuk9,若干，倘若，如若，宛若，旁若無人，欣喜若狂,如，似，如果，假如，好像,
攘,攘,yeung4,攘外，攘奪，攘除，攘臂，攘為己有,搶奪，侵奪，排斥，抵禦；捋起,
攘,攘,yeung5,熙攘，擾攘，熙熙攘攘,擾亂,
迤,迤,yi4,逶迤,,
沂,沂,yi4,沂河,（水名）,
蛇,蛇,yi4,委蛇，虛與委蛇,,
迤,迤,yi5,迤邐,,
易,易,yi6,易燃，易懂，易安，容易，簡易，輕易，易拉罐，易如反掌，易守難攻，平易近人，輕而易舉，顯而易見，知難行易，得來不易,簡單，不困難，不須費力的；平和，和藹,
易,易,yik9,易位，易容，易名，易經，易俗，易手，易服，易幟，易貨，交易，貿易，變易，易地而處，不易之論，以物易物，移風易俗，改弦易轍，時移勢易,改變，交換，變換；（姓）,
灧,滟,yim6,,,灩
焰,焰,yim6,,,燄
咽,咽,yin1,咽喉，咽頭,食道的上端部分,
煙,烟,yin1,煙草，抽煙,,菸
焉,焉,yin1,焉能如此，焉知非福，焉得虎子,（疑問詞）豈，怎麼，如何,
煙,烟,yin1,煙火，冒煙,,
燕,燕,yin1,燕京,（姓，地名）,
閼,阏,yin1,閼氏,匈奴人妻或妾的稱號,
燕,燕,yin3,燕子，家燕,,
嚥,咽,yin3,嚥氣，吞嚥，嚥口水，狼吞虎嚥，細嚼慢嚥,吞,
焉,焉,yin4,心不在焉，有厚望焉,此，乃，才,
弦,弦,yin4,,,絃
應,应,ying1,應該，理應,,
應,应,ying3,應用，答應，回應,,
贏,赢,ying4,贏錢，輸贏,,
迎,迎,ying4,,,迊
咽,咽,yit8,哽咽，嗚咽,阻塞；聲音低沉、悲悽、滯澀,
要,要,yiu1,要求，要挾,求取，脅迫，強迫,
夭,夭,yiu1,夭夭，逃之夭夭,茂盛的樣子,
夭,夭,yiu2,夭亡，夭折，夭殤，壽夭,短命，未成年而早死,
繞,绕,yiu2/yiu5,,,遶
要,要,yiu3,要緊，要點，要旨，要是，要素，要命，要塞，要好，要害，重要，主要，提要，摘要,嚴重，關鍵，緊要，需要,
洮,洮,yiu4,洮湖,（湖名）,
於,于,yu1,於是，終於,（介詞）,
予,予,yu4,予取予求,我，吾,
余,余,yu4,,（代詞、姓）我,
于,于,yu4,,（姓）,
餘,余,yu4,餘下，餘留，多餘，業餘，剩餘，有餘，之餘，餘音繞樑，不遺餘力，心有餘悸,剩下的，多出的，不盡的，殘留的，未完的,馀
嶼,嶼,yu4,大嶼山,（地名）,
語,语,yu5,語言，口語,（名詞）話,
與,与,yu5,與其，授與，給與，贈與，與虎謀皮，與人為善，與人方便，時不我與,（連詞）和，跟；（動詞）給，贈，贊助,
予,予,yu5,賜予，賦予，給予，贈予，寄予，不予置評,授，給,
與,与,yu6,與會，與賽，參與,（動詞）參加,
語,语,yu6,不以語人,（動詞）告訴,
冤,冤,yun1,,,寃
塬,塬,yun4,,（地名）,
圜,圜,yun4,圜丘，圜牆，圜扉,圓，圓形,
遠,远,yun5,遠處，永遠，深遠,不近，距離或時間長,
遠,远,yun6/yun5,敬而遠之,不接近，不親近,
